ctrl_start_pc [8:0] (9),ctrl_end_pc [17:9] (9),
0x00,0x01,
0x02,0x03,
0x00,0x00,
0x00,0x00,
0x00,0x00,
0x00,0x00,
0x00,0x00,
0x00,0x00,
0x00,0x00,
0x00,0x00,
0x00,0x00,
0x00,0x00,
0x00,0x00,
0x00,0x00,
0x00,0x00,
0x00,0x00,
0x00,0x00,
0x00,0x00,
0x00,0x00,
0x00,0x00,
0x00,0x00,
0x00,0x00,
0x00,0x00,
0x00,0x00,
0x00,0x00,
0x00,0x00,
0x00,0x00,
0x00,0x00,
0x00,0x00,
0x00,0x00,
0x00,0x00,
0x00,0x00,
0x00,0x00,
0x00,0x00,
0x00,0x00,
0x00,0x00,
0x00,0x00,
0x00,0x00,
0x00,0x00,
0x00,0x00,
0x00,0x00,
0x00,0x00,
0x00,0x00,
0x00,0x00,
0x00,0x00,
0x00,0x00,
0x00,0x00,
0x00,0x00,
0x00,0x00,
0x00,0x00,
0x00,0x00,
0x00,0x00,
0x00,0x00,
0x00,0x00,
0x00,0x00,
0x00,0x00,
0x00,0x00,
0x00,0x00,
0x00,0x00,
0x00,0x00,
0x00,0x00,
0x00,0x00,
0x00,0x00,
0x00,0x00,
0x00,0x00,
0x00,0x00,
0x00,0x00,
0x00,0x00,
0x00,0x00,
0x00,0x00,
0x00,0x00,
0x00,0x00,
0x00,0x00,
0x00,0x00,
0x00,0x00,
0x00,0x00,
0x00,0x00,
0x00,0x00,
0x00,0x00,
0x00,0x00,
0x00,0x00,
0x00,0x00,
0x00,0x00,
0x00,0x00,
0x00,0x00,
0x00,0x00,
0x00,0x00,
0x00,0x00,
0x00,0x00,
0x00,0x00,
0x00,0x00,
0x00,0x00,
0x00,0x00,
0x00,0x00,
0x00,0x00,
0x00,0x00,
0x00,0x00,
0x00,0x00,
0x00,0x00,
0x00,0x00,
0x00,0x00,
0x00,0x00,
0x00,0x00,
0x00,0x00,
0x00,0x00,
0x00,0x00,
0x00,0x00,
0x00,0x00,
0x00,0x00,
0x00,0x00,
0x00,0x00,
0x00,0x00,
0x00,0x00,
0x00,0x00,
0x00,0x00,
0x00,0x00,
0x00,0x00,
0x00,0x00,
0x00,0x00,
0x00,0x00,
0x00,0x00,
0x00,0x00,
0x00,0x00,
0x00,0x00,
0x00,0x00,
0x00,0x00,
0x00,0x00,
0x00,0x00,
